bucket,sum_pl_fwd_count,sum_pl_bwd_count,sum_pl_fwd_bytes,sum_pl_bwd_bytes,sum_pl_fwd_flow_count,sum_pl_bwd_flow_count,avg_pl_fwd_count,avg_pl_bwd_count,avg_pl_fwd_bytes,avg_pl_bwd_bytes,sum_pkt_fwd_count,sum_pkt_bwd_count,sum_pkt_fwd_bytes,sum_pkt_bwd_bytes,sum_pkt_fwd_flow_count,sum_pkt_bwd_flow_count,avg_pkt_fwd_count,avg_pkt_bwd_count,avg_pkt_fwd_bytes,avg_pkt_bwd_bytes,bucket_size,label,pl_flow_fwd_bwd_byte_ratio_sum,pl_flow_fwd_bwd_byte_ratio_avg,pkt_flow_fwd_bwd_byte_ratio_sum,pkt_flow_fwd_bwd_byte_ratio_avg,pl_flow_bwd_fwd_byte_ratio,pkt_flow_bwd_fwd_byte_ratio,pl_flow_count_ratio,pkt_flow_count_ratio,pkt_count_ratio,pl_count_ratio
0,72,52,2394,3852,30,30,2.4,1.7333333333333334,79.8,128.4,152,152,8330,9788,30,30,5.066666666666666,5.066666666666666,277.6666666666667,326.26666666666665,30,dns,0.6214953271028038,0.6214953271028036,0.8510420923579893,0.8510420923579894,1.6090225563909775,1.1750300120048018,1.0,1.0,0.9934640522875817,0.7123287671232876
1,52,46,2064,3783,19,19,2.736842105263158,2.4210526315789473,108.63157894736842,199.10526315789474,76,76,4696,6415,19,19,4.0,4.0,247.1578947368421,337.63157894736844,19,dns,0.5455987311657414,0.5455987311657415,0.7320342946219798,0.7320342946219797,1.8328488372093024,1.3660562180579217,1.0,1.0,0.987012987012987,0.8679245283018868
2,58,74,2028,5299,25,29,2.0,2.5517241379310347,69.93103448275862,182.72413793103448,90,114,5220,9163,25,29,3.103448275862069,3.9310344827586206,180.0,315.9655172413793,29,dns,0.38271371956973016,0.38271371956973016,0.5696824184219142,0.5696824184219142,2.6129191321499015,1.7553639846743294,1.16,1.16,1.2527472527472527,1.2542372881355932
3,32,30,1482,1672,8,8,4.0,3.75,185.25,209.0,40,40,2770,2960,8,8,5.0,5.0,346.25,370.0,8,dns,0.8863636363636364,0.8863636363636364,0.9358108108108109,0.9358108108108109,1.1282051282051282,1.068592057761733,1.0,1.0,0.975609756097561,0.9090909090909091
4,56,46,2062,3954,18,18,3.111111111111111,2.5555555555555554,114.55555555555556,219.66666666666666,96,96,5590,7482,18,18,5.333333333333333,5.333333333333333,310.55555555555554,415.6666666666667,18,dns,0.5214972180070815,0.5214972180070815,0.7471264367816092,0.7471264367816092,1.9175557710960234,1.3384615384615384,1.0,1.0,0.9896907216494846,0.8070175438596491
5,32,28,1420,1552,9,9,3.5555555555555554,3.111111111111111,157.77777777777777,172.44444444444446,48,48,3100,3232,9,9,5.333333333333333,5.333333333333333,344.44444444444446,359.1111111111111,9,dns,0.9149484536082474,0.9149484536082473,0.9591584158415841,0.9591584158415842,1.0929577464788733,1.0425806451612902,1.0,1.0,0.9795918367346939,0.8484848484848485
6,66,57,2522,4963,29,29,2.2758620689655173,1.9655172413793103,86.96551724137932,171.13793103448276,102,102,6134,8575,29,29,3.5172413793103448,3.5172413793103448,211.51724137931035,295.6896551724138,29,dns,0.5081603868627846,0.5081603868627846,0.71533527696793,0.7153352769679301,1.9678826328310863,1.397945875448321,1.0,1.0,0.9902912621359223,0.8507462686567164
7,42,36,1616,2319,15,15,2.8,2.4,107.73333333333333,154.6,66,66,3968,4671,15,15,4.4,4.4,264.53333333333336,311.4,15,dns,0.696852091418715,0.696852091418715,0.8494968957396704,0.8494968957396705,1.4350247524752475,1.1771673387096775,1.0,1.0,0.9850746268656716,0.8372093023255814
8,54,42,1878,2733,21,21,2.5714285714285716,2.0,89.42857142857143,130.14285714285714,102,102,5742,6597,21,21,4.857142857142857,4.857142857142857,273.42857142857144,314.14285714285717,21,dns,0.6871569703622393,0.6871569703622393,0.8703956343792633,0.8703956343792633,1.4552715654952078,1.1489028213166144,1.0,1.0,0.9902912621359223,0.7636363636363637
9,52,46,2144,4131,14,14,3.7142857142857144,3.2857142857142856,153.14285714285714,295.07142857142856,76,76,4776,6763,14,14,5.428571428571429,5.428571428571429,341.14285714285717,483.07142857142856,14,dns,0.5190026627935125,0.5190026627935125,0.7061954753807482,0.7061954753807482,1.9267723880597014,1.4160385259631492,1.0,1.0,0.987012987012987,0.8679245283018868
10,76,56,2386,4063,30,30,2.533333333333333,1.8666666666666667,79.53333333333333,135.43333333333334,156,156,8434,10111,30,30,5.2,5.2,281.1333333333333,337.03333333333336,30,dns,0.5872507999015506,0.5872507999015506,0.8341410345168628,0.8341410345168627,1.7028499580888516,1.1988380365188522,1.0,1.0,0.9936305732484076,0.7272727272727273
11,54,52,2250,4231,17,17,3.176470588235294,3.0588235294117645,132.35294117647058,248.88235294117646,62,62,4154,6135,17,17,3.6470588235294117,3.6470588235294117,244.35294117647058,360.88235294117646,17,dns,0.5317891751359016,0.5317891751359016,0.6770986145069274,0.6770986145069274,1.8804444444444444,1.4768897448242657,1.0,1.0,0.9841269841269841,0.9454545454545454
12,60,54,2322,3562,17,17,3.5294117647058822,3.176470588235294,136.58823529411765,209.52941176470588,84,84,5178,6418,17,17,4.9411764705882355,4.9411764705882355,304.5882352941176,377.52941176470586,17,dns,0.6518809657495789,0.6518809657495789,0.8067933935805547,0.8067933935805547,1.5340223944875109,1.2394747006566242,1.0,1.0,0.9882352941176471,0.8852459016393442
13,32,28,1420,1552,8,8,4.0,3.5,177.5,194.0,48,48,3100,3232,8,8,6.0,6.0,387.5,404.0,8,dns,0.9149484536082474,0.9149484536082474,0.9591584158415841,0.9591584158415841,1.0929577464788733,1.0425806451612902,1.0,1.0,0.9795918367346939,0.8484848484848485
14,62,56,2510,3757,19,19,3.263157894736842,2.9473684210526314,132.10526315789474,197.73684210526315,86,86,5422,6669,19,19,4.526315789473684,4.526315789473684,285.36842105263156,351.0,19,dns,0.668086239020495,0.6680862390204951,0.813015444594392,0.8130154445943919,1.496812749003984,1.2299889339727037,1.0,1.0,0.9885057471264368,0.8888888888888888
15,7278,7276,317426,739764,9,9,808.6666666666666,808.4444444444445,35269.555555555555,82196.0,7286,7286,521602,943940,9,9,809.5555555555555,809.5555555555555,57955.77777777778,104882.22222222222,9,dns,0.4290908992597639,0.4290908992597639,0.5525796131110028,0.5525796131110029,2.330508527971874,1.8096939812347346,1.0,1.0,0.9998627693152189,0.9995878554746531
16,56,46,2072,3031,18,18,3.111111111111111,2.5555555555555554,115.11111111111111,168.38888888888889,96,96,5600,6559,18,18,5.333333333333333,5.333333333333333,311.1111111111111,364.3888888888889,18,dns,0.6836027713625866,0.6836027713625866,0.8537886872998933,0.8537886872998931,1.462837837837838,1.17125,1.0,1.0,0.9896907216494846,0.8070175438596491
17,32,28,1338,1569,10,10,3.2,2.8,133.8,156.9,48,48,3018,3249,10,10,4.8,4.8,301.8,324.9,10,dns,0.8527724665391969,0.852772466539197,0.9289012003693444,0.9289012003693445,1.1726457399103138,1.0765407554671969,1.0,1.0,0.9795918367346939,0.8484848484848485
18,62,60,2702,4615,14,14,4.428571428571429,4.285714285714286,193.0,329.64285714285717,70,70,4830,6743,14,14,5.0,5.0,345.0,481.64285714285717,14,dns,0.5854821235102925,0.5854821235102925,0.7162983835088239,0.7162983835088239,1.7079940784603997,1.3960662525879917,1.0,1.0,0.9859154929577465,0.9523809523809523
19,36,34,1592,2338,12,12,3.0,2.8333333333333335,132.66666666666666,194.83333333333334,44,44,2992,3738,12,12,3.6666666666666665,3.6666666666666665,249.33333333333334,311.5,12,dns,0.6809238665526091,0.680923866552609,0.8004280363830926,0.8004280363830926,1.4685929648241205,1.249331550802139,1.0,1.0,0.9777777777777777,0.918918918918919
20,86,67,2938,5762,27,25,3.185185185185185,2.4814814814814814,108.81481481481481,213.40740740740742,154,152,8678,11422,27,27,5.703703703703703,5.62962962962963,321.4074074074074,423.037037037037,27,dns,0.5098923984727525,0.5098923984727525,0.759761863071266,0.759761863071266,1.9611980939414568,1.3162018898363679,0.9259259259259259,1.0,0.9806451612903225,0.7701149425287356
21,46,42,1794,3744,13,13,3.5384615384615383,3.230769230769231,138.0,288.0,62,62,3866,5816,13,13,4.769230769230769,4.769230769230769,297.38461538461536,447.38461538461536,13,dns,0.4791666666666667,0.4791666666666667,0.6647180192572214,0.6647180192572214,2.0869565217391304,1.504397309881014,1.0,1.0,0.9841269841269841,0.8936170212765957
22,72,56,2668,4319,25,25,2.88,2.24,106.72,172.76,136,136,7820,9471,25,25,5.44,5.44,312.8,378.84,25,dns,0.6177355869414216,0.6177355869414216,0.8256783866539964,0.8256783866539965,1.618815592203898,1.2111253196930947,1.0,1.0,0.9927007299270073,0.7671232876712328
23,52,46,2046,2974,19,19,2.736842105263158,2.4210526315789473,107.6842105263158,156.52631578947367,76,76,4678,5606,19,19,4.0,4.0,246.21052631578948,295.05263157894734,19,dns,0.6879623402824478,0.687962340282448,0.8344630752764894,0.8344630752764896,1.4535679374389052,1.1983753740914922,1.0,1.0,0.987012987012987,0.8679245283018868
24,60,52,2374,3961,20,20,3.0,2.6,118.7,198.05,92,92,5622,7209,20,20,4.6,4.6,281.1,360.45,20,dns,0.5993436001009846,0.5993436001009845,0.7798585101955888,0.7798585101955889,1.6684919966301601,1.2822838847385272,1.0,1.0,0.989247311827957,0.8524590163934426
25,34,30,1444,2459,9,9,3.7777777777777777,3.3333333333333335,160.44444444444446,273.22222222222223,50,50,3180,4195,9,9,5.555555555555555,5.555555555555555,353.3333333333333,466.1111111111111,9,dns,0.5872305815372102,0.5872305815372103,0.7580452920143027,0.7580452920143027,1.7029085872576177,1.319182389937107,1.0,1.0,0.9803921568627451,0.8571428571428571
26,52,42,2022,3742,19,19,2.736842105263158,2.210526315789474,106.42105263157895,196.94736842105263,92,92,5438,7158,19,19,4.842105263157895,4.842105263157895,286.2105263157895,376.7368421052632,19,dns,0.5403527525387494,0.5403527525387494,0.7597094160379995,0.7597094160379995,1.850642927794263,1.316292754689224,1.0,1.0,0.989247311827957,0.7924528301886793
27,52,46,2130,3180,18,18,2.888888888888889,2.5555555555555554,118.33333333333333,176.66666666666666,76,76,4762,5812,18,18,4.222222222222222,4.222222222222222,264.55555555555554,322.8888888888889,18,dns,0.6698113207547169,0.6698113207547169,0.8193392980041294,0.8193392980041293,1.4929577464788732,1.2204955900881982,1.0,1.0,0.987012987012987,0.8679245283018868
28,50,40,1756,3011,18,18,2.7777777777777777,2.2222222222222223,97.55555555555556,167.27777777777777,90,90,5116,6371,18,18,5.0,5.0,284.22222222222223,353.94444444444446,18,dns,0.5831949518432414,0.5831949518432414,0.8030136556270601,0.8030136556270601,1.7146924829157175,1.2453088350273651,1.0,1.0,0.989010989010989,0.7843137254901961
29,48,34,1642,2977,20,20,2.4,1.7,82.1,148.85,104,104,5730,7065,20,20,5.2,5.2,286.5,353.25,20,dns,0.5515619751427612,0.5515619751427612,0.8110403397027601,0.8110403397027601,1.813032886723508,1.2329842931937174,1.0,1.0,0.9904761904761905,0.6938775510204082
30,52,41,1961,4251,19,19,2.736842105263158,2.1578947368421053,103.21052631578948,223.73684210526315,96,96,5573,7863,19,19,5.052631578947368,5.052631578947368,293.3157894736842,413.8421052631579,19,dns,0.4613032227711127,0.46130322277111274,0.7087625588197889,0.7087625588197889,2.167771545130036,1.410909743405706,1.0,1.0,0.9896907216494846,0.7735849056603774
31,60,56,2520,4626,22,22,2.727272727272727,2.5454545454545454,114.54545454545455,210.27272727272728,76,76,4984,7090,22,22,3.4545454545454546,3.4545454545454546,226.54545454545453,322.27272727272725,22,dns,0.5447470817120622,0.5447470817120622,0.7029619181946404,0.7029619181946404,1.8357142857142856,1.4225521669341894,1.0,1.0,0.987012987012987,0.9180327868852459
32,90,76,3412,6453,31,31,2.903225806451613,2.4516129032258065,110.06451612903226,208.16129032258064,146,146,8676,11717,31,31,4.709677419354839,4.709677419354839,279.8709677419355,377.96774193548384,31,dns,0.5287463195412986,0.5287463195412986,0.7404625757446446,0.7404625757446446,1.89126611957796,1.3505071461502998,1.0,1.0,0.9931972789115646,0.8351648351648352
33,40,38,1754,3644,13,13,3.076923076923077,2.923076923076923,134.92307692307693,280.3076923076923,48,48,3266,5156,13,13,3.6923076923076925,3.6923076923076925,251.23076923076923,396.61538461538464,13,dns,0.4813391877058178,0.4813391877058178,0.6334367726920093,0.6334367726920093,2.0775370581527937,1.578689528475199,1.0,1.0,0.9795918367346939,0.926829268292683
34,58,46,2114,4683,21,21,2.761904761904762,2.1904761904761907,100.66666666666667,223.0,106,106,6090,8659,21,21,5.0476190476190474,5.0476190476190474,290.0,412.3333333333333,21,dns,0.4514200298953662,0.4514200298953662,0.7033144704931286,0.7033144704931286,2.2152317880794703,1.42183908045977,1.0,1.0,0.9906542056074766,0.7796610169491526
35,46,42,1900,3082,17,17,2.7058823529411766,2.4705882352941178,111.76470588235294,181.2941176470588,62,62,3972,5154,17,17,3.6470588235294117,3.6470588235294117,233.64705882352942,303.1764705882353,17,dns,0.6164828033744322,0.6164828033744323,0.770663562281723,0.770663562281723,1.6221052631578947,1.297583081570997,1.0,1.0,0.9841269841269841,0.8936170212765957
36,42,40,1804,2449,13,13,3.230769230769231,3.076923076923077,138.76923076923077,188.3846153846154,50,50,3372,4017,13,13,3.8461538461538463,3.8461538461538463,259.38461538461536,309.0,13,dns,0.7366271947733769,0.7366271947733769,0.8394324122479462,0.8394324122479462,1.3575388026607538,1.1912811387900355,1.0,1.0,0.9803921568627451,0.9302325581395349
37,40,34,1618,2848,13,13,3.076923076923077,2.6153846153846154,124.46153846153847,219.07692307692307,64,64,3914,5144,13,13,4.923076923076923,4.923076923076923,301.0769230769231,395.6923076923077,13,dns,0.5681179775280899,0.5681179775280899,0.7608864696734059,0.760886469673406,1.7601977750309024,1.314256515074093,1.0,1.0,0.9846153846153847,0.8292682926829268
38,56,52,2434,3348,15,15,3.7333333333333334,3.466666666666667,162.26666666666668,223.2,72,72,4786,5700,15,15,4.8,4.8,319.06666666666666,380.0,15,dns,0.7270011947431302,0.7270011947431303,0.8396491228070175,0.8396491228070175,1.3755135579293345,1.1909736732135394,1.0,1.0,0.9863013698630136,0.9122807017543859
39,60,56,2536,5162,17,17,3.5294117647058822,3.2941176470588234,149.1764705882353,303.6470588235294,76,76,5000,7626,17,17,4.470588235294118,4.470588235294118,294.11764705882354,448.5882352941176,17,dns,0.4912824486633088,0.49128244866330884,0.6556517178075006,0.6556517178075008,2.0354889589905363,1.5252,1.0,1.0,0.987012987012987,0.9180327868852459
40,58,50,2276,3195,17,17,3.411764705882353,2.9411764705882355,133.88235294117646,187.94117647058823,90,90,5468,6387,17,17,5.294117647058823,5.294117647058823,321.6470588235294,375.70588235294116,17,dns,0.7123630672926448,0.7123630672926448,0.8561139815249726,0.8561139815249725,1.4037785588752196,1.1680687637161669,1.0,1.0,0.989010989010989,0.847457627118644
41,52,44,2044,3578,16,16,3.25,2.75,127.75,223.625,76,74,4676,6154,16,16,4.75,4.625,292.25,384.625,16,dns,0.5712688652878704,0.5712688652878704,0.7598310042248944,0.7598310042248944,1.7504892367906066,1.316082121471343,1.0,1.0,0.961038961038961,0.8301886792452831
42,48,42,2026,3614,14,14,3.4285714285714284,3.0,144.71428571428572,258.14285714285717,72,72,4546,6134,14,14,5.142857142857143,5.142857142857143,324.7142857142857,438.14285714285717,14,dns,0.5605976757055894,0.5605976757055894,0.7411150961851972,0.7411150961851972,1.7838104639684107,1.3493180818301804,1.0,1.0,0.9863013698630136,0.8571428571428571
43,50,46,2108,3399,17,17,2.9411764705882355,2.7058823529411766,124.0,199.94117647058823,66,66,4292,5583,17,17,3.8823529411764706,3.8823529411764706,252.47058823529412,328.4117647058824,17,dns,0.6201824065901735,0.6201824065901735,0.76876231416801,0.76876231416801,1.612428842504744,1.3007921714818267,1.0,1.0,0.9850746268656716,0.9019607843137255
44,76,74,3252,12321,22,22,3.4545454545454546,3.3636363636363638,147.8181818181818,560.0454545454545,84,84,5772,14841,22,22,3.8181818181818183,3.8181818181818183,262.3636363636364,674.5909090909091,22,dns,0.26393961529096666,0.26393961529096666,0.38892257934101476,0.38892257934101476,3.7887453874538743,2.571205821205821,1.0,1.0,0.9882352941176471,0.961038961038961
45,58,52,2450,5315,16,16,3.625,3.25,153.125,332.1875,82,82,5250,8115,16,16,5.125,5.125,328.125,507.1875,16,dns,0.4609595484477893,0.4609595484477893,0.6469500924214417,0.6469500924214417,2.169387755102041,1.5457142857142858,1.0,1.0,0.9879518072289156,0.8813559322033898
46,70,56,2484,6620,29,29,2.413793103448276,1.9310344827586208,85.65517241379311,228.27586206896552,126,126,7188,11324,29,29,4.344827586206897,4.344827586206897,247.86206896551724,390.48275862068965,29,dns,0.37522658610271903,0.37522658610271903,0.6347580360296715,0.6347580360296715,2.6650563607085345,1.5754034501947691,1.0,1.0,0.9921259842519685,0.7887323943661971
47,48,42,2022,5973,16,16,3.0,2.625,126.375,373.3125,72,72,4542,8493,16,16,4.5,4.5,283.875,530.8125,16,dns,0.33852335509794074,0.33852335509794074,0.5347933592370188,0.5347933592370188,2.9540059347181007,1.869881109643329,1.0,1.0,0.9863013698630136,0.8571428571428571
48,68,62,2702,5765,16,16,4.25,3.875,168.875,360.3125,92,92,5782,8845,16,16,5.75,5.75,361.375,552.8125,16,dns,0.46869037294015614,0.46869037294015614,0.6537026568682872,0.6537026568682872,2.13360473723168,1.5297474922172258,1.0,1.0,0.989247311827957,0.8985507246376812
49,374,355,15278,35867,134,133,2.791044776119403,2.6492537313432836,114.01492537313433,267.6641791044776,446,445,29278,49827,134,134,3.328358208955224,3.3208955223880596,218.49253731343285,371.84328358208955,134,dns,0.4259625839908551,0.42596258399085507,0.5875930720292211,0.5875930720292212,2.347624034559497,1.7018580504132796,0.9925373134328358,1.0,0.9955257270693513,0.9466666666666667
50,100,88,4458,8689,37,37,2.7027027027027026,2.3783783783783785,120.48648648648648,234.83783783783784,148,148,9610,13841,37,37,4.0,4.0,259.72972972972974,374.0810810810811,37,dns,0.5130624928069973,0.5130624928069973,0.6943139946535655,0.6943139946535655,1.949080305069538,1.440270551508845,1.0,1.0,0.9932885906040269,0.8712871287128713
51,110,108,4990,11083,35,35,3.142857142857143,3.085714285714286,142.57142857142858,316.65714285714284,118,118,8462,14555,35,35,3.3714285714285714,3.3714285714285714,241.77142857142857,415.85714285714283,35,dns,0.4502391049354868,0.45023910493548686,0.5813809687392648,0.5813809687392649,2.2210420841683365,1.720042543134011,1.0,1.0,0.9915966386554622,0.972972972972973
52,74,66,2914,7032,22,22,3.3636363636363638,3.0,132.45454545454547,319.6363636363636,106,106,6554,10672,22,22,4.818181818181818,4.818181818181818,297.90909090909093,485.09090909090907,22,dns,0.41439135381114905,0.4143913538111491,0.6141304347826086,0.6141304347826088,2.413177762525738,1.6283185840707965,1.0,1.0,0.9906542056074766,0.88
53,102,98,4712,11185,32,32,3.1875,3.0625,147.25,349.53125,118,118,8352,14825,32,32,3.6875,3.6875,261.0,463.28125,32,dns,0.4212784979883773,0.4212784979883773,0.5633726812816189,0.5633726812816189,2.3737266553480474,1.7750239463601531,1.0,1.0,0.9915966386554622,0.9514563106796117
54,56,44,2088,3481,19,19,2.9473684210526314,2.3157894736842106,109.89473684210526,183.21052631578948,104,104,6008,7401,19,19,5.473684210526316,5.473684210526316,316.2105263157895,389.5263157894737,19,dns,0.5998276357368573,0.5998276357368572,0.8117821915957303,0.8117821915957303,1.6671455938697317,1.2318575233022637,1.0,1.0,0.9904761904761905,0.7719298245614035
55,86,67,3149,5915,34,33,2.5294117647058822,1.9705882352941178,92.61764705882354,173.97058823529412,158,157,9085,11811,34,34,4.647058823529412,4.617647058823529,267.20588235294116,347.38235294117646,34,dns,0.5323753169907016,0.5323753169907016,0.7691982050630768,0.7691982050630768,1.8783740870117498,1.3000550357732525,0.9705882352941176,1.0,0.9874213836477987,0.7701149425287356
56,92,80,3640,6547,31,31,2.967741935483871,2.5806451612903225,117.41935483870968,211.19354838709677,140,140,8568,11475,31,31,4.516129032258065,4.516129032258065,276.38709677419354,370.16129032258067,31,dns,0.5559798380937834,0.5559798380937835,0.7466666666666667,0.7466666666666666,1.7986263736263737,1.3392857142857142,1.0,1.0,0.9929078014184397,0.8602150537634409
57,70,66,2870,5585,20,20,3.5,3.3,143.5,279.25,86,86,5614,8329,20,20,4.3,4.3,280.7,416.45,20,dns,0.5138764547896151,0.5138764547896151,0.6740304958578461,0.674030495857846,1.9459930313588851,1.4836123975774849,1.0,1.0,0.9885057471264368,0.9295774647887324
58,116,108,4692,11256,44,44,2.6363636363636362,2.4545454545454546,106.63636363636364,255.8181818181818,148,148,9508,16072,44,44,3.3636363636363638,3.3636363636363638,216.0909090909091,365.27272727272725,44,dns,0.4168443496801706,0.4168443496801706,0.5915878546540567,0.5915878546540568,2.398976982097187,1.6903660075725704,1.0,1.0,0.9932885906040269,0.9230769230769231
59,108,102,4196,7655,37,37,2.918918918918919,2.7567567567567566,113.4054054054054,206.8918918918919,132,132,8396,11855,37,37,3.5675675675675675,3.5675675675675675,226.9189189189189,320.4054054054054,37,dns,0.5481384715871979,0.5481384715871979,0.7082243778996204,0.7082243778996203,1.8243565300285987,1.4119818961410195,1.0,1.0,0.9924812030075187,0.9357798165137615
60,68,54,2560,4551,24,23,2.8333333333333335,2.25,106.66666666666667,189.625,120,119,7012,8963,24,24,5.0,4.958333333333333,292.1666666666667,373.4583333333333,24,dns,0.5625137332454405,0.5625137332454406,0.7823273457547696,0.7823273457547697,1.777734375,1.2782373074729036,0.9583333333333334,1.0,0.9834710743801653,0.782608695652174
61,82,78,3544,6510,30,30,2.7333333333333334,2.6,118.13333333333334,217.0,98,98,6624,9590,30,30,3.2666666666666666,3.2666666666666666,220.8,319.6666666666667,30,dns,0.5443932411674347,0.5443932411674347,0.6907194994786235,0.6907194994786235,1.8369074492099322,1.4477657004830917,1.0,1.0,0.98989898989899,0.9397590361445783
62,54,48,2032,3771,18,18,3.0,2.6666666666666665,112.88888888888889,209.5,78,78,4720,6459,18,18,4.333333333333333,4.333333333333333,262.22222222222223,358.8333333333333,18,dns,0.5388491116414744,0.5388491116414744,0.730763276048924,0.730763276048924,1.8558070866141732,1.3684322033898304,1.0,1.0,0.9873417721518988,0.8727272727272727
63,58,58,2458,4760,12,12,4.833333333333333,4.833333333333333,204.83333333333334,396.6666666666667,58,58,4082,6384,12,12,4.833333333333333,4.833333333333333,340.1666666666667,532.0,12,dns,0.5163865546218488,0.5163865546218488,0.6394110275689223,0.6394110275689223,1.93653376729048,1.563939245467908,1.0,1.0,0.9830508474576272,0.9830508474576272
64,44,34,1620,3020,18,18,2.4444444444444446,1.8888888888888888,90.0,167.77777777777777,84,84,4812,6212,18,18,4.666666666666667,4.666666666666667,267.3333333333333,345.1111111111111,18,dns,0.5364238410596026,0.5364238410596027,0.7746297488731487,0.7746297488731487,1.8641975308641976,1.2909393183707398,1.0,1.0,0.9882352941176471,0.7555555555555555
65,46,40,1784,3140,15,15,3.066666666666667,2.6666666666666665,118.93333333333334,209.33333333333334,70,70,4248,5604,15,15,4.666666666666667,4.666666666666667,283.2,373.6,15,dns,0.5681528662420382,0.5681528662420382,0.7580299785867237,0.7580299785867237,1.7600896860986548,1.3192090395480225,1.0,1.0,0.9859154929577465,0.851063829787234
66,86,78,3458,8318,35,35,2.4571428571428573,2.2285714285714286,98.8,237.65714285714284,118,118,7434,12294,35,35,3.3714285714285714,3.3714285714285714,212.4,351.25714285714287,35,dns,0.41572493387833614,0.41572493387833614,0.6046852122986823,0.6046852122986823,2.405436668594563,1.6537530266343825,1.0,1.0,0.9915966386554622,0.896551724137931
67,70,60,2616,5099,28,28,2.5,2.142857142857143,93.42857142857143,182.10714285714286,110,110,6536,9019,28,28,3.9285714285714284,3.9285714285714284,233.42857142857142,322.10714285714283,28,dns,0.5130417728966464,0.5130417728966464,0.7246923162213106,0.7246923162213106,1.9491590214067278,1.3798959608323134,1.0,1.0,0.990990990990991,0.8450704225352113
68,52,44,2122,4399,15,15,3.466666666666667,2.933333333333333,141.46666666666667,293.26666666666665,76,74,4754,6975,15,15,5.066666666666666,4.933333333333334,316.93333333333334,465.0,15,dns,0.482382359627188,0.482382359627188,0.6815770609318996,0.6815770609318996,2.073044297832234,1.467185527976441,1.0,1.0,0.961038961038961,0.8301886792452831
69,92,80,3112,5967,39,39,2.358974358974359,2.051282051282051,79.7948717948718,153.0,140,140,8040,10895,39,39,3.58974358974359,3.58974358974359,206.15384615384616,279.35897435897436,39,dns,0.5215351097704038,0.5215351097704038,0.7379531895364846,0.7379531895364846,1.9174164524421593,1.3550995024875623,1.0,1.0,0.9929078014184397,0.8602150537634409
70,64,56,2504,4555,24,24,2.6666666666666665,2.3333333333333335,104.33333333333333,189.79166666666666,96,96,5864,7915,24,24,4.0,4.0,244.33333333333334,329.7916666666667,24,dns,0.5497255762897915,0.5497255762897915,0.7408717624763108,0.7408717624763108,1.8190894568690097,1.349761255115962,1.0,1.0,0.9896907216494846,0.8615384615384616
71,62,58,2448,5222,19,19,3.263157894736842,3.0526315789473686,128.8421052631579,274.8421052631579,78,78,4968,7742,19,19,4.105263157894737,4.105263157894737,261.4736842105263,407.4736842105263,19,dns,0.4687859057832248,0.46878590578322477,0.6416946525445621,0.6416946525445621,2.133169934640523,1.5583735909822867,1.0,1.0,0.9873417721518988,0.9206349206349206
72,54,52,2172,3822,17,17,3.176470588235294,3.0588235294117645,127.76470588235294,224.8235294117647,62,62,4076,5726,17,17,3.6470588235294117,3.6470588235294117,239.76470588235293,336.8235294117647,17,dns,0.5682888540031397,0.5682888540031398,0.7118407265106531,0.7118407265106531,1.7596685082872927,1.4048086359175662,1.0,1.0,0.9841269841269841,0.9454545454545454
73,82,80,3660,5932,19,19,4.315789473684211,4.2105263157894735,192.6315789473684,312.2105263157895,90,90,6348,8620,19,19,4.7368421052631575,4.7368421052631575,334.10526315789474,453.6842105263158,19,dns,0.6169925826028321,0.6169925826028321,0.7364269141531322,0.7364269141531322,1.6207650273224044,1.3579080025204788,1.0,1.0,0.989010989010989,0.963855421686747
74,92,84,3530,9762,29,29,3.1724137931034484,2.896551724137931,121.72413793103448,336.62068965517244,124,124,7674,13906,29,29,4.275862068965517,4.275862068965517,264.62068965517244,479.51724137931035,29,dns,0.3616062282319197,0.3616062282319196,0.5518481231123256,0.5518481231123257,2.765439093484419,1.8120927808183476,1.0,1.0,0.992,0.9032258064516129
75,474,459,18744,80586,161,160,2.9440993788819876,2.8509316770186337,116.4223602484472,500.53416149068323,506,499,33584,95218,161,161,3.142857142857143,3.099378881987578,208.59627329192546,591.416149068323,161,dns,0.2325962325962326,0.2325962325962326,0.35270642105484257,0.35270642105484257,4.299295774647887,2.835219151977132,0.9937888198757764,1.0,0.9842209072978304,0.9663157894736842
76,254,240,9962,28289,106,106,2.3962264150943398,2.2641509433962264,93.98113207547169,266.87735849056605,310,310,19818,38145,106,106,2.9245283018867925,2.9245283018867925,186.96226415094338,359.85849056603774,106,dns,0.3521510127611439,0.35215101276114386,0.5195438458513567,0.5195438458513566,2.839690825135515,1.9247653648198608,1.0,1.0,0.9967845659163987,0.9411764705882353
77,120,120,4966,17430,42,42,2.857142857142857,2.857142857142857,118.23809523809524,415.0,120,120,8326,20790,42,42,2.857142857142857,2.857142857142857,198.23809523809524,495.0,42,dns,0.2849110728628801,0.2849110728628801,0.4004810004810005,0.4004810004810005,3.509867096254531,2.4969973576747537,1.0,1.0,0.9917355371900827,0.9917355371900827
78,142,138,6096,16454,53,53,2.6792452830188678,2.6037735849056602,115.01886792452831,310.45283018867923,158,158,10856,21214,53,53,2.981132075471698,2.981132075471698,204.83018867924528,400.2641509433962,53,dns,0.3704874194724687,0.3704874194724687,0.5117375318186104,0.5117375318186104,2.6991469816272966,1.9541267501842299,1.0,1.0,0.9937106918238994,0.965034965034965
79,124,122,4916,9500,37,37,3.3513513513513513,3.2972972972972974,132.86486486486487,256.7567567567568,132,132,8780,13364,37,37,3.5675675675675675,3.5675675675675675,237.2972972972973,361.18918918918916,37,dns,0.5174736842105263,0.5174736842105263,0.6569889254714157,0.6569889254714157,1.9324654190398698,1.5220956719817769,1.0,1.0,0.9924812030075187,0.976
80,118,98,4528,9516,45,44,2.6222222222222222,2.1777777777777776,100.62222222222222,211.46666666666667,194,193,11556,16504,45,45,4.311111111111111,4.288888888888889,256.8,366.75555555555553,45,dns,0.47583018074821354,0.47583018074821354,0.7001938923897237,0.7001938923897237,2.101590106007067,1.4281758393907926,0.9777777777777777,1.0,0.9897435897435898,0.8235294117647058
81,60,52,2408,4215,19,19,3.1578947368421053,2.736842105263158,126.73684210526316,221.8421052631579,92,92,5656,7463,19,19,4.842105263157895,4.842105263157895,297.6842105263158,392.7894736842105,19,dns,0.5712930011862396,0.5712930011862397,0.7578721693688865,0.7578721693688865,1.7504152823920265,1.3194837340876946,1.0,1.0,0.989247311827957,0.8524590163934426
82,98,84,3824,7350,29,29,3.3793103448275863,2.896551724137931,131.86206896551724,253.44827586206895,130,124,8136,11494,29,29,4.482758620689655,4.275862068965517,280.55172413793105,396.3448275862069,29,dns,0.5202721088435374,0.5202721088435375,0.7078475726465983,0.7078475726465983,1.922071129707113,1.412733529990167,1.0,1.0,0.9465648854961832,0.8484848484848485
83,32,30,1364,2028,10,10,3.2,3.0,136.4,202.8,40,40,2652,3316,10,10,4.0,4.0,265.2,331.6,10,dns,0.6725838264299803,0.6725838264299803,0.7997587454764777,0.7997587454764776,1.4868035190615836,1.2503770739064857,1.0,1.0,0.975609756097561,0.9090909090909091
84,50,44,2070,3612,19,19,2.6315789473684212,2.3157894736842106,108.94736842105263,190.10526315789474,74,74,4646,6188,19,19,3.8947368421052633,3.8947368421052633,244.52631578947367,325.6842105263158,19,dns,0.5730897009966778,0.5730897009966778,0.7508080155138979,0.7508080155138979,1.7449275362318841,1.3318984072320275,1.0,1.0,0.9866666666666667,0.8627450980392157
85,50,44,2040,5002,18,18,2.7777777777777777,2.4444444444444446,113.33333333333333,277.8888888888889,74,74,4616,7578,18,18,4.111111111111111,4.111111111111111,256.44444444444446,421.0,18,dns,0.40783686525389845,0.4078368652538984,0.6091316970176828,0.6091316970176828,2.4519607843137257,1.641681109185442,1.0,1.0,0.9866666666666667,0.8627450980392157
86,106,86,3770,8624,39,39,2.717948717948718,2.2051282051282053,96.66666666666667,221.12820512820514,186,186,10658,15512,39,39,4.769230769230769,4.769230769230769,273.28205128205127,397.7435897435897,39,dns,0.437152133580705,0.43715213358070504,0.6870809695719443,0.6870809695719443,2.287533156498674,1.455432538937887,1.0,1.0,0.9946524064171123,0.8037383177570093
87,82,74,3272,7244,28,27,2.9285714285714284,2.642857142857143,116.85714285714286,258.7142857142857,110,109,6940,10872,28,28,3.9285714285714284,3.892857142857143,247.85714285714286,388.2857142857143,28,dns,0.45168415240198784,0.45168415240198784,0.6383370125091979,0.6383370125091979,2.2139364303178484,1.5665706051873198,0.9642857142857143,1.0,0.9819819819819819,0.891566265060241
88,54,44,1924,3687,23,23,2.347826086956522,1.9130434782608696,83.65217391304348,160.30434782608697,94,94,5396,7159,23,23,4.086956521739131,4.086956521739131,234.6086956521739,311.2608695652174,23,dns,0.5218334689449416,0.5218334689449416,0.7537365553848303,0.7537365553848303,1.9163201663201663,1.3267234988880652,1.0,1.0,0.9894736842105263,0.8
89,90,84,3400,6179,35,35,2.5714285714285716,2.4,97.14285714285714,176.54285714285714,114,114,7096,9875,35,35,3.257142857142857,3.257142857142857,202.74285714285713,282.14285714285717,35,dns,0.5502508496520473,0.5502508496520472,0.7185822784810126,0.7185822784810125,1.8173529411764706,1.39162908680947,1.0,1.0,0.991304347826087,0.9230769230769231
90,80,72,3016,5260,28,28,2.857142857142857,2.5714285714285716,107.71428571428571,187.85714285714286,112,112,6824,9068,28,28,4.0,4.0,243.71428571428572,323.85714285714283,28,dns,0.5733840304182509,0.5733840304182509,0.7525363917071018,0.752536391707102,1.7440318302387268,1.3288393903868698,1.0,1.0,0.9911504424778761,0.8888888888888888
91,54,48,2184,3507,20,20,2.7,2.4,109.2,175.35,78,78,4872,6195,20,20,3.9,3.9,243.6,309.75,20,dns,0.6227544910179641,0.6227544910179641,0.7864406779661017,0.7864406779661017,1.6057692307692308,1.271551724137931,1.0,1.0,0.9873417721518988,0.8727272727272727
92,74,64,2752,4153,24,24,3.0833333333333335,2.6666666666666665,114.66666666666667,173.04166666666666,114,114,6784,8185,24,24,4.75,4.75,282.6666666666667,341.0416666666667,24,dns,0.6626535034914519,0.662653503491452,0.8288332315210751,0.8288332315210751,1.5090843023255813,1.2065153301886793,1.0,1.0,0.991304347826087,0.8533333333333334
93,104,96,4290,8190,31,31,3.3548387096774195,3.096774193548387,138.38709677419354,264.19354838709677,136,136,8770,12670,31,31,4.387096774193548,4.387096774193548,282.9032258064516,408.7096774193548,31,dns,0.5238095238095238,0.5238095238095237,0.6921862667719021,0.6921862667719021,1.9090909090909092,1.444697833523375,1.0,1.0,0.9927007299270073,0.9142857142857143
94,50,48,2006,4873,16,16,3.125,3.0,125.375,304.5625,58,58,3798,6665,16,16,3.625,3.625,237.375,416.5625,16,dns,0.4116560640262672,0.4116560640262672,0.5698424606151538,0.5698424606151538,2.429212362911266,1.7548709847288047,1.0,1.0,0.9830508474576272,0.9411764705882353
95,80,76,3112,8627,28,28,2.857142857142857,2.7142857142857144,111.14285714285714,308.10714285714283,96,96,6136,11651,28,28,3.4285714285714284,3.4285714285714284,219.14285714285714,416.10714285714283,28,dns,0.3607279471426916,0.3607279471426916,0.5266500729551111,0.5266500729551111,2.772172236503856,1.898794002607562,1.0,1.0,0.9896907216494846,0.9382716049382716
96,72,58,2498,7458,27,27,2.6666666666666665,2.1481481481481484,92.51851851851852,276.22222222222223,128,128,7258,12218,27,27,4.7407407407407405,4.7407407407407405,268.81481481481484,452.51851851851853,27,dns,0.3349423437919013,0.3349423437919013,0.5940415779996726,0.5940415779996726,2.985588470776621,1.6833838523009093,1.0,1.0,0.9922480620155039,0.7945205479452054
97,72,70,3076,4336,27,27,2.6666666666666665,2.5925925925925926,113.92592592592592,160.59259259259258,80,80,5484,6744,27,27,2.962962962962963,2.962962962962963,203.11111111111111,249.77777777777777,27,dns,0.709409594095941,0.709409594095941,0.8131672597864769,0.8131672597864769,1.4096228868660599,1.2297592997811817,1.0,1.0,0.9876543209876543,0.958904109589041
98,52,46,1994,2973,18,18,2.888888888888889,2.5555555555555554,110.77777777777777,165.16666666666666,76,76,4626,5605,18,18,4.222222222222222,4.222222222222222,257.0,311.3888888888889,18,dns,0.670702993609149,0.670702993609149,0.8253345227475468,0.8253345227475468,1.4909729187562688,1.2116299178555987,1.0,1.0,0.987012987012987,0.8679245283018868
99,96,94,3856,9241,30,30,3.2,3.1333333333333333,128.53333333333333,308.03333333333336,104,104,6936,12321,30,30,3.466666666666667,3.466666666666667,231.2,410.7,30,dns,0.41727085813223674,0.41727085813223674,0.5629413196980765,0.5629413196980765,2.3965248962655603,1.7763840830449826,1.0,1.0,0.9904761904761905,0.9690721649484536
100,74,66,2832,5799,25,25,2.96,2.64,113.28,231.96,106,106,6472,9439,25,25,4.24,4.24,258.88,377.56,25,dns,0.4883600620796689,0.4883600620796689,0.6856658544337324,0.6856658544337324,2.047669491525424,1.4584363411619283,1.0,1.0,0.9906542056074766,0.88
101,52,46,1990,3448,17,17,3.0588235294117645,2.7058823529411766,117.05882352941177,202.8235294117647,76,76,4622,6080,17,17,4.470588235294118,4.470588235294118,271.88235294117646,357.6470588235294,17,dns,0.5771461716937355,0.5771461716937355,0.7601973684210527,0.7601973684210527,1.7326633165829146,1.3154478580700995,1.0,1.0,0.987012987012987,0.8679245283018868
102,122,114,4818,10146,47,47,2.595744680851064,2.425531914893617,102.51063829787235,215.87234042553192,154,154,9802,15130,47,47,3.276595744680851,3.276595744680851,208.5531914893617,321.9148936170213,47,dns,0.47486694263749263,0.47486694263749263,0.6478519497686716,0.6478519497686714,2.1058530510585305,1.5435625382574985,1.0,1.0,0.9935483870967742,0.926829268292683
103,62,60,2542,3981,24,24,2.5833333333333335,2.5,105.91666666666667,165.875,70,70,4670,6109,24,24,2.9166666666666665,2.9166666666666665,194.58333333333334,254.54166666666666,24,dns,0.6385330319015323,0.6385330319015323,0.7644458994925519,0.764445899492552,1.5660896931549961,1.3081370449678802,1.0,1.0,0.9859154929577465,0.9523809523809523
104,74,70,3142,5991,26,26,2.8461538461538463,2.6923076923076925,120.84615384615384,230.42307692307693,90,90,5998,8847,26,26,3.4615384615384617,3.4615384615384617,230.69230769230768,340.2692307692308,26,dns,0.5244533466866967,0.5244533466866966,0.6779699333107267,0.6779699333107267,1.906747294716741,1.4749916638879625,1.0,1.0,0.989010989010989,0.9333333333333333
105,114,112,4290,16265,53,53,2.150943396226415,2.1132075471698113,80.94339622641509,306.8867924528302,122,122,7874,19849,53,53,2.30188679245283,2.30188679245283,148.56603773584905,374.50943396226415,53,dns,0.2637565324316016,0.2637565324316016,0.39669504760945135,0.39669504760945135,3.7913752913752914,2.5208280416560833,1.0,1.0,0.991869918699187,0.9739130434782609
106,154,146,6114,18233,61,61,2.5245901639344264,2.3934426229508197,100.22950819672131,298.9016393442623,186,186,11994,24113,61,61,3.0491803278688523,3.0491803278688523,196.62295081967213,395.2950819672131,61,dns,0.3353260571491252,0.33532605714912517,0.4974080371583793,0.49740803715837933,2.9821720641151455,2.010421877605469,1.0,1.0,0.9946524064171123,0.9419354838709677
107,116,104,4538,8570,43,43,2.697674418604651,2.4186046511627906,105.53488372093024,199.30232558139534,164,164,10138,14170,43,43,3.813953488372093,3.813953488372093,235.7674418604651,329.5348837209302,43,dns,0.5295215869311551,0.5295215869311553,0.71545518701482,0.71545518701482,1.8884971353018951,1.397711580193332,1.0,1.0,0.9939393939393939,0.8888888888888888
108,46,38,1710,2452,18,18,2.5555555555555554,2.111111111111111,95.0,136.22222222222223,78,78,4566,5308,18,18,4.333333333333333,4.333333333333333,253.66666666666666,294.8888888888889,18,dns,0.697389885807504,0.697389885807504,0.8602110022607385,0.8602110022607384,1.4339181286549707,1.1625054752518615,1.0,1.0,0.9873417721518988,0.8085106382978723
109,154,148,6556,13082,56,56,2.75,2.642857142857143,117.07142857142857,233.60714285714286,178,178,12044,18570,56,56,3.1785714285714284,3.1785714285714284,215.07142857142858,331.60714285714283,56,dns,0.5011466136676349,0.5011466136676349,0.6485729671513193,0.6485729671513194,1.9954240390482,1.541846562603786,1.0,1.0,0.994413407821229,0.9548387096774194
110,86,76,3404,5510,30,28,2.8666666666666667,2.533333333333333,113.46666666666667,183.66666666666666,118,116,7380,9406,30,30,3.933333333333333,3.8666666666666667,246.0,313.53333333333336,30,dns,0.6177858439201452,0.6177858439201452,0.7846055709121837,0.7846055709121836,1.6186839012925969,1.2745257452574525,0.9333333333333333,1.0,0.9747899159663865,0.8735632183908046
111,172,162,6018,23443,74,74,2.324324324324324,2.189189189189189,81.32432432432432,316.7972972972973,212,212,12794,30219,74,74,2.864864864864865,2.864864864864865,172.8918918918919,408.36486486486484,74,dns,0.25670775924583034,0.25670775924583034,0.4233760217081968,0.4233760217081969,3.8954802259887007,2.361966546818821,1.0,1.0,0.9953051643192489,0.9364161849710982
112,126,118,4784,12308,46,46,2.739130434782609,2.5652173913043477,104.0,267.5652173913044,158,158,9880,17404,46,46,3.4347826086956523,3.4347826086956523,214.7826086956522,378.3478260869565,46,dns,0.38869028274293144,0.3886902827429314,0.5676855895196506,0.5676855895196508,2.572742474916388,1.7615384615384615,1.0,1.0,0.9937106918238994,0.9291338582677166
113,100,98,4036,12152,40,40,2.5,2.45,100.9,303.8,108,108,7228,15344,40,40,2.7,2.7,180.7,383.6,40,dns,0.33212639894667545,0.33212639894667545,0.4710636079249218,0.47106360792492175,3.010901883052527,2.1228555617044824,1.0,1.0,0.9908256880733946,0.9702970297029703
114,80,68,2808,6129,27,27,2.962962962962963,2.5185185185185186,104.0,227.0,128,128,7400,10721,27,27,4.7407407407407405,4.7407407407407405,274.0740740740741,397.0740740740741,27,dns,0.4581497797356828,0.4581497797356828,0.6902341199514971,0.6902341199514971,2.1826923076923075,1.4487837837837838,1.0,1.0,0.9922480620155039,0.8395061728395061
115,96,76,3366,6473,39,38,2.4615384615384617,1.9487179487179487,86.3076923076923,165.97435897435898,172,171,9778,12845,39,39,4.410256410256411,4.384615384615385,250.71794871794873,329.35897435897436,39,dns,0.5200061795149081,0.520006179514908,0.7612300506033476,0.7612300506033476,1.9230540701128935,1.3136633258335038,0.9743589743589743,1.0,0.9884393063583815,0.7835051546391752
116,60,46,2006,3207,23,23,2.608695652173913,2.0,87.21739130434783,139.43478260869566,116,115,6430,7591,23,23,5.043478260869565,5.0,279.5652173913044,330.04347826086956,23,dns,0.6255067040848145,0.6255067040848145,0.8470557238835463,0.8470557238835464,1.598703888334995,1.1805598755832036,1.0,1.0,0.9829059829059829,0.7540983606557377
117,24,22,1102,1232,8,8,3.0,2.75,137.75,154.0,32,32,2166,2296,8,8,4.0,4.0,270.75,287.0,8,dns,0.8944805194805194,0.8944805194805194,0.9433797909407665,0.9433797909407665,1.117967332123412,1.0600184672206834,1.0,1.0,0.9696969696969697,0.88
118,74,62,2704,6037,30,30,2.466666666666667,2.066666666666667,90.13333333333334,201.23333333333332,122,122,7128,10461,30,30,4.066666666666666,4.066666666666666,237.6,348.7,30,dns,0.4479045883717078,0.4479045883717079,0.6813880126182965,0.6813880126182965,2.2326183431952664,1.4675925925925926,1.0,1.0,0.991869918699187,0.8266666666666667
119,56,52,2230,4386,22,22,2.5454545454545454,2.3636363636363638,101.36363636363636,199.36363636363637,72,72,4582,6738,22,22,3.272727272727273,3.272727272727273,208.27272727272728,306.27272727272725,22,dns,0.5084359325125399,0.5084359325125398,0.6800237459186702,0.6800237459186703,1.9668161434977578,1.4705368834570056,1.0,1.0,0.9863013698630136,0.9122807017543859
120,58,44,2000,3180,26,26,2.230769230769231,1.6923076923076923,76.92307692307692,122.3076923076923,114,114,6368,7548,26,26,4.384615384615385,4.384615384615385,244.92307692307693,290.3076923076923,26,dns,0.6289308176100629,0.6289308176100629,0.8436671966083731,0.8436671966083731,1.59,1.1853015075376885,1.0,1.0,0.991304347826087,0.7457627118644068
121,44,38,1688,3047,16,16,2.75,2.375,105.5,190.4375,68,68,4096,5455,16,16,4.25,4.25,256.0,340.9375,16,dns,0.5539875287167706,0.5539875287167706,0.7508707607699359,0.7508707607699359,1.805094786729858,1.331787109375,1.0,1.0,0.9855072463768116,0.8444444444444444
122,78,66,2840,5689,28,28,2.7857142857142856,2.357142857142857,101.42857142857143,203.17857142857142,126,126,7376,10225,28,28,4.5,4.5,263.42857142857144,365.17857142857144,28,dns,0.4992089998242222,0.49920899982422223,0.7213691931540342,0.7213691931540342,2.003169014084507,1.3862527114967462,1.0,1.0,0.9921259842519685,0.8354430379746836
123,58,52,2020,4511,24,24,2.4166666666666665,2.1666666666666665,84.16666666666667,187.95833333333334,82,82,4820,7311,24,24,3.4166666666666665,3.4166666666666665,200.83333333333334,304.625,24,dns,0.4477942806473066,0.4477942806473066,0.6592805361783614,0.6592805361783614,2.233168316831683,1.516804979253112,1.0,1.0,0.9879518072289156,0.8813559322033898
124,64,52,2450,4264,25,25,2.56,2.08,98.0,170.56,112,112,6594,8408,25,25,4.48,4.48,263.76,336.32,25,dns,0.5745778611632271,0.574577861163227,0.7842530922930543,0.7842530922930542,1.7404081632653061,1.2750985744616319,1.0,1.0,0.9911504424778761,0.8
125,72,68,2830,5482,27,27,2.6666666666666665,2.5185185185185186,104.81481481481481,203.03703703703704,88,88,5630,8282,27,27,3.259259259259259,3.259259259259259,208.5185185185185,306.74074074074076,27,dns,0.5162349507479023,0.5162349507479022,0.6797874909442164,0.6797874909442163,1.9371024734982332,1.4710479573712256,1.0,1.0,0.9887640449438202,0.9315068493150684
126,40,31,1462,2367,17,17,2.3529411764705883,1.8235294117647058,86.0,139.23529411764707,76,76,4346,5251,17,17,4.470588235294118,4.470588235294118,255.64705882352942,308.88235294117646,17,dns,0.6176594845796367,0.6176594845796366,0.8276518758331747,0.8276518758331747,1.619015047879617,1.2082374597330878,1.0,1.0,0.987012987012987,0.7560975609756098
127,76,66,2740,4739,29,29,2.6206896551724137,2.2758620689655173,94.48275862068965,163.41379310344828,116,116,6828,8827,29,29,4.0,4.0,235.44827586206895,304.37931034482756,29,dns,0.5781810508546107,0.5781810508546106,0.7735357426079076,0.7735357426079076,1.7295620437956205,1.2927650849443468,1.0,1.0,0.9914529914529915,0.8571428571428571
128,64,50,2204,3967,25,25,2.56,2.0,88.16,158.68,120,120,6740,8503,25,25,4.8,4.8,269.6,340.12,25,dns,0.5555835644063524,0.5555835644063524,0.7926614136187228,0.7926614136187229,1.7999092558983667,1.2615727002967358,1.0,1.0,0.9917355371900827,0.7692307692307693
129,52,44,2044,4263,14,14,3.7142857142857144,3.142857142857143,146.0,304.5,84,84,5068,7287,14,14,6.0,6.0,362.0,520.5,14,dns,0.4794745484400657,0.4794745484400657,0.6954851104707013,0.6954851104707013,2.085616438356164,1.4378453038674033,1.0,1.0,0.9882352941176471,0.8301886792452831
130,64,50,2352,3991,22,22,2.909090909090909,2.272727272727273,106.9090909090909,181.4090909090909,120,120,6888,8527,22,22,5.454545454545454,5.454545454545454,313.09090909090907,387.59090909090907,22,dns,0.5893259834627913,0.5893259834627913,0.8077870294359094,0.8077870294359094,1.6968537414965987,1.2379500580720093,1.0,1.0,0.9917355371900827,0.7692307692307693
131,52,50,2058,4087,18,18,2.888888888888889,2.7777777777777777,114.33333333333333,227.05555555555554,60,60,3906,5935,18,18,3.3333333333333335,3.3333333333333335,217.0,329.72222222222223,18,dns,0.5035478345975043,0.5035478345975043,0.6581297388374052,0.6581297388374052,1.9859086491739553,1.519457245263697,1.0,1.0,0.9836065573770492,0.9433962264150944
132,52,44,1948,3112,18,18,2.888888888888889,2.4444444444444446,108.22222222222223,172.88888888888889,84,84,4972,6136,18,18,4.666666666666667,4.666666666666667,276.22222222222223,340.8888888888889,18,dns,0.6259640102827764,0.6259640102827764,0.8102998696219035,0.8102998696219035,1.5975359342915811,1.234111021721641,1.0,1.0,0.9882352941176471,0.8301886792452831
133,54,52,2294,3646,12,12,4.5,4.333333333333333,191.16666666666666,303.8333333333333,62,62,4198,5550,12,12,5.166666666666667,5.166666666666667,349.8333333333333,462.5,12,dns,0.6291826659352715,0.6291826659352715,0.7563963963963964,0.7563963963963963,1.5893635571054925,1.322058122915674,1.0,1.0,0.9841269841269841,0.9454545454545454
134,28,26,1312,1653,9,9,3.111111111111111,2.888888888888889,145.77777777777777,183.66666666666666,36,36,2488,2829,9,9,4.0,4.0,276.44444444444446,314.3333333333333,9,dns,0.793708408953418,0.793708408953418,0.879462707670555,0.879462707670555,1.259908536585366,1.1370578778135048,1.0,1.0,0.972972972972973,0.896551724137931
135,7330,7318,318838,745036,36,36,203.61111111111111,203.27777777777777,8856.611111111111,20695.444444444445,7378,7378,526430,952628,36,36,204.94444444444446,204.94444444444446,14623.055555555555,26461.88888888889,36,dns,0.4279497903457014,0.4279497903457014,0.5526081534449964,0.5526081534449963,2.336722724392952,1.8096005166878788,1.0,1.0,0.999864480281881,0.9982267084981585
136,36,30,1362,1807,14,14,2.5714285714285716,2.142857142857143,97.28571428571429,129.07142857142858,60,60,3546,3991,14,14,4.285714285714286,4.285714285714286,253.28571428571428,285.07142857142856,14,dns,0.7537354731599336,0.7537354731599336,0.8884991230268103,0.8884991230268103,1.3267254038179148,1.125493513818387,1.0,1.0,0.9836065573770492,0.8108108108108109
137,44,44,2054,2792,9,9,4.888888888888889,4.888888888888889,228.22222222222223,310.22222222222223,44,44,3286,4024,9,9,4.888888888888889,4.888888888888889,365.1111111111111,447.1111111111111,9,dns,0.7356733524355301,0.7356733524355301,0.8166003976143141,0.8166003976143141,1.3592989289191821,1.2245891661594643,1.0,1.0,0.9777777777777777,0.9777777777777777
138,34,28,1280,2077,12,12,2.8333333333333335,2.3333333333333335,106.66666666666667,173.08333333333334,58,58,3408,4205,12,12,4.833333333333333,4.833333333333333,284.0,350.4166666666667,12,dns,0.6162734713529129,0.6162734713529129,0.8104637336504161,0.8104637336504161,1.62265625,1.2338615023474178,1.0,1.0,0.9830508474576272,0.8
139,110,108,4394,9255,36,36,3.0555555555555554,3.0,122.05555555555556,257.0833333333333,118,118,7866,12727,36,36,3.2777777777777777,3.2777777777777777,218.5,353.52777777777777,36,dns,0.47477039438141544,0.4747703943814155,0.6180561012021686,0.6180561012021686,2.106281292671825,1.6179760996694634,1.0,1.0,0.9915966386554622,0.972972972972973
140,132,112,5220,10820,45,44,2.933333333333333,2.488888888888889,116.0,240.44444444444446,208,206,12640,18160,45,45,4.622222222222222,4.5777777777777775,280.8888888888889,403.55555555555554,45,dns,0.4824399260628466,0.4824399260628466,0.6960352422907489,0.696035242290749,2.0727969348659006,1.4367088607594938,0.9777777777777777,1.0,0.9856459330143541,0.8421052631578947
141,64,58,2562,4976,18,17,3.5555555555555554,3.2222222222222223,142.33333333333334,276.44444444444446,84,83,5334,7708,18,18,4.666666666666667,4.611111111111111,296.3333333333333,428.22222222222223,18,dns,0.514871382636656,0.514871382636656,0.692008303061754,0.692008303061754,1.9422326307572209,1.445069366329209,0.9444444444444444,1.0,0.9764705882352941,0.8923076923076924
142,54,40,1830,2990,23,23,2.347826086956522,1.7391304347826086,79.56521739130434,130.0,110,109,6086,7206,23,23,4.782608695652174,4.739130434782608,264.60869565217394,313.30434782608694,23,dns,0.6120401337792643,0.6120401337792641,0.8445739661393283,0.8445739661393284,1.633879781420765,1.1840289188301019,1.0,1.0,0.9819819819819819,0.7272727272727273
143,48,44,1964,3054,15,15,3.2,2.933333333333333,130.93333333333334,203.6,64,64,4092,5182,15,15,4.266666666666667,4.266666666666667,272.8,345.46666666666664,15,dns,0.6430910281597905,0.6430910281597905,0.7896565032805867,0.7896565032805868,1.554989816700611,1.2663734115347018,1.0,1.0,0.9846153846153847,0.8979591836734694
144,64,52,2190,5664,27,27,2.3703703703703702,1.9259259259259258,81.11111111111111,209.77777777777777,112,112,6334,9808,27,27,4.148148148148148,4.148148148148148,234.59259259259258,363.25925925925924,27,dns,0.3866525423728814,0.3866525423728814,0.6457993474714518,0.6457993474714518,2.5863013698630137,1.5484685822544995,1.0,1.0,0.9911504424778761,0.8
145,26,24,1126,2295,12,12,2.1666666666666665,2.0,93.83333333333333,191.25,34,34,2246,3415,12,12,2.8333333333333335,2.8333333333333335,187.16666666666666,284.5833333333333,12,dns,0.4906318082788671,0.4906318082788671,0.6576866764275257,0.6576866764275257,2.0381882770870337,1.5204808548530722,1.0,1.0,0.9714285714285714,0.8888888888888888
146,54,42,1920,3490,22,22,2.4545454545454546,1.9090909090909092,87.27272727272727,158.63636363636363,102,102,5784,7354,22,22,4.636363636363637,4.636363636363637,262.90909090909093,334.27272727272725,22,dns,0.5501432664756447,0.5501432664756447,0.7865107424530867,0.7865107424530868,1.8177083333333333,1.2714384508990317,1.0,1.0,0.9902912621359223,0.7636363636363637
147,50,40,1826,2816,18,17,2.7777777777777777,2.2222222222222223,101.44444444444444,156.44444444444446,86,85,4990,5940,18,18,4.777777777777778,4.722222222222222,277.22222222222223,330.0,18,dns,0.6484375,0.6484374999999999,0.8400673400673401,0.8400673400673401,1.5421686746987953,1.1903807615230462,0.9444444444444444,1.0,0.9770114942528736,0.7843137254901961
148,60,50,2078,3842,26,26,2.3076923076923075,1.9230769230769231,79.92307692307692,147.76923076923077,100,100,5718,7482,26,26,3.8461538461538463,3.8461538461538463,219.92307692307693,287.7692307692308,26,dns,0.540864133263925,0.540864133263925,0.764234161988773,0.764234161988773,1.848893166506256,1.3084994753410284,1.0,1.0,0.9900990099009901,0.819672131147541
149,44,34,1682,2954,16,16,2.75,2.125,105.125,184.625,84,84,4874,6146,16,16,5.25,5.25,304.625,384.125,16,dns,0.5693974272173324,0.5693974272173324,0.7930361210543443,0.7930361210543443,1.756242568370987,1.260976610586787,1.0,1.0,0.9882352941176471,0.7555555555555555
150,70,56,2424,6298,25,25,2.8,2.24,96.96,251.92,126,126,7128,11002,25,25,5.04,5.04,285.12,440.08,25,dns,0.3848840901873611,0.3848840901873611,0.6478822032357753,0.6478822032357754,2.5981848184818483,1.5434904601571269,1.0,1.0,0.9921259842519685,0.7887323943661971
151,108,106,4730,9809,36,36,3.0,2.9444444444444446,131.38888888888889,272.47222222222223,116,116,8146,13225,36,36,3.2222222222222223,3.2222222222222223,226.27777777777777,367.3611111111111,36,dns,0.48221021510857376,0.48221021510857376,0.6159546313799622,0.6159546313799622,2.073784355179704,1.6234961944512645,1.0,1.0,0.9914529914529915,0.9724770642201835
152,76,68,3154,5181,28,28,2.7142857142857144,2.4285714285714284,112.64285714285714,185.03571428571428,108,108,6850,8877,28,28,3.857142857142857,3.857142857142857,244.64285714285714,317.0357142857143,28,dns,0.6087627871067361,0.6087627871067361,0.7716570913596936,0.7716570913596936,1.6426759670259987,1.295912408759124,1.0,1.0,0.9908256880733946,0.8831168831168831
153,50,48,2376,3642,13,13,3.8461538461538463,3.6923076923076925,182.76923076923077,280.15384615384613,58,58,4168,5434,13,13,4.461538461538462,4.461538461538462,320.61538461538464,418.0,13,dns,0.6523887973640856,0.6523887973640857,0.7670224512329775,0.7670224512329776,1.5328282828282829,1.303742802303263,1.0,1.0,0.9830508474576272,0.9411764705882353
154,60,56,2466,5466,16,16,3.75,3.5,154.125,341.625,76,76,4930,7930,16,16,4.75,4.75,308.125,495.625,16,dns,0.45115257958287597,0.45115257958287597,0.6216897856242118,0.6216897856242118,2.21654501216545,1.6085192697768762,1.0,1.0,0.987012987012987,0.9180327868852459
155,50,42,1904,3837,18,18,2.7777777777777777,2.3333333333333335,105.77777777777777,213.16666666666666,82,82,4872,6805,18,18,4.555555555555555,4.555555555555555,270.6666666666667,378.05555555555554,18,dns,0.49622100599426633,0.49622100599426633,0.7159441587068333,0.7159441587068333,2.015231092436975,1.3967569786535303,1.0,1.0,0.9879518072289156,0.8235294117647058
156,56,48,2082,3915,21,21,2.6666666666666665,2.2857142857142856,99.14285714285714,186.42857142857142,88,88,5218,7051,21,21,4.190476190476191,4.190476190476191,248.47619047619048,335.76190476190476,21,dns,0.5318007662835249,0.5318007662835249,0.7400368742022408,0.7400368742022408,1.8804034582132565,1.3512840168646991,1.0,1.0,0.9887640449438202,0.8421052631578947
157,78,74,3202,7516,33,33,2.3636363636363638,2.242424242424242,97.03030303030303,227.75757575757575,94,94,6170,10484,33,33,2.8484848484848486,2.8484848484848486,186.96969696969697,317.6969696969697,33,dns,0.4260244811069718,0.42602448110697183,0.5885158336512781,0.5885158336512781,2.347282948157402,1.6991896272285252,1.0,1.0,0.9894736842105263,0.9367088607594937
158,64,60,2894,6045,20,20,3.2,3.0,144.7,302.25,80,80,5470,8621,20,20,4.0,4.0,273.5,431.05,20,dns,0.47874276261373033,0.47874276261373033,0.6344971581023083,0.6344971581023083,2.088804422944022,1.5760511882998172,1.0,1.0,0.9876543209876543,0.9230769230769231
159,46,36,1556,3568,17,17,2.7058823529411766,2.1176470588235294,91.52941176470588,209.88235294117646,86,86,4804,6816,17,17,5.0588235294117645,5.0588235294117645,282.5882352941176,400.94117647058823,17,dns,0.43609865470852016,0.4360986547085202,0.70481220657277,0.7048122065727699,2.2930591259640103,1.4188176519567028,1.0,1.0,0.9885057471264368,0.7659574468085106
160,74,64,2838,5257,27,27,2.740740740740741,2.3703703703703702,105.11111111111111,194.7037037037037,114,114,6870,9289,27,27,4.222222222222222,4.222222222222222,254.44444444444446,344.037037037037,27,dns,0.5398516264028914,0.5398516264028914,0.7395844547314028,0.7395844547314029,1.8523608174770965,1.3521106259097526,1.0,1.0,0.991304347826087,0.8533333333333334
161,50,38,1812,3069,19,18,2.6315789473684212,2.0,95.36842105263158,161.52631578947367,94,93,5368,6585,19,19,4.947368421052632,4.894736842105263,282.5263157894737,346.57894736842104,19,dns,0.5904203323558163,0.5904203323558163,0.8151860288534548,0.8151860288534549,1.6937086092715232,1.2267138599105811,0.9473684210526315,1.0,0.9789473684210527,0.7450980392156863
162,44,40,1870,3227,13,13,3.3846153846153846,3.076923076923077,143.84615384615384,248.23076923076923,60,60,3886,5243,13,13,4.615384615384615,4.615384615384615,298.9230769230769,403.3076923076923,13,dns,0.5794855903315773,0.5794855903315773,0.7411787144764448,0.7411787144764447,1.7256684491978609,1.3492022645393722,1.0,1.0,0.9836065573770492,0.8888888888888888
163,52,48,2208,5107,19,19,2.736842105263158,2.526315789473684,116.21052631578948,268.7894736842105,68,68,4448,7347,19,19,3.5789473684210527,3.5789473684210527,234.10526315789474,386.6842105263158,19,dns,0.4323477579792442,0.4323477579792442,0.6054171770790799,0.6054171770790799,2.3129528985507246,1.651753597122302,1.0,1.0,0.9855072463768116,0.9056603773584906
164,82,74,3228,12276,27,27,3.037037037037037,2.740740740740741,119.55555555555556,454.6666666666667,114,114,7092,16140,27,27,4.222222222222222,4.222222222222222,262.6666666666667,597.7777777777778,27,dns,0.26295210166177907,0.26295210166177907,0.43940520446096654,0.43940520446096654,3.802973977695167,2.27580372250423,1.0,1.0,0.991304347826087,0.891566265060241
165,60,54,2496,9260,19,19,3.1578947368421053,2.8421052631578947,131.3684210526316,487.36842105263156,84,84,5352,12116,19,19,4.421052631578948,4.421052631578948,281.6842105263158,637.6842105263158,19,dns,0.26954643628509717,0.2695464362850972,0.4417299438758666,0.44172994387586656,3.7099358974358974,2.2638266068759343,1.0,1.0,0.9882352941176471,0.8852459016393442
166,86,78,3260,7906,31,31,2.774193548387097,2.5161290322580645,105.16129032258064,255.03225806451613,118,118,7236,11882,31,31,3.806451612903226,3.806451612903226,233.41935483870967,383.2903225806452,31,dns,0.4123450543890716,0.4123450543890716,0.6089883857936375,0.6089883857936373,2.425153374233129,1.6420674405749032,1.0,1.0,0.9915966386554622,0.896551724137931
167,60,46,2150,4191,22,22,2.727272727272727,2.090909090909091,97.72727272727273,190.5,116,116,6574,8615,22,22,5.2727272727272725,5.2727272727272725,298.8181818181818,391.59090909090907,22,dns,0.5130040563111429,0.513004056311143,0.763087637840975,0.7630876378409751,1.9493023255813953,1.3104654700334653,1.0,1.0,0.9914529914529915,0.7540983606557377
168,52,44,1852,3282,20,20,2.6,2.2,92.6,164.1,84,84,4876,6306,20,20,4.2,4.2,243.8,315.3,20,dns,0.5642900670322973,0.5642900670322973,0.7732318426895021,0.7732318426895021,1.7721382289416847,1.293273174733388,1.0,1.0,0.9882352941176471,0.8301886792452831
169,88,61,2721,5828,36,35,2.4444444444444446,1.6944444444444444,75.58333333333333,161.88888888888889,192,191,10281,13348,36,36,5.333333333333333,5.305555555555555,285.5833333333333,370.77777777777777,36,dns,0.4668840082361016,0.46688400823610154,0.7702277494755768,0.7702277494755768,2.141859610437339,1.2983172843108648,0.9722222222222222,1.0,0.9896373056994818,0.6853932584269663
170,46,34,1588,3051,18,18,2.5555555555555554,1.8888888888888888,88.22222222222223,169.5,94,94,5228,6691,18,18,5.222222222222222,5.222222222222222,290.44444444444446,371.72222222222223,18,dns,0.5204850868567683,0.5204850868567683,0.7813480795097892,0.7813480795097892,1.9212846347607053,1.2798393267023718,1.0,1.0,0.9894736842105263,0.723404255319149
171,184,176,7202,23254,76,76,2.4210526315789473,2.3157894736842106,94.76315789473684,305.9736842105263,216,216,13922,29974,76,76,2.8421052631578947,2.8421052631578947,183.18421052631578,394.39473684210526,76,dns,0.3097101573922766,0.3097101573922766,0.46446920664575964,0.46446920664575964,3.2288253262982507,2.1529952593018247,1.0,1.0,0.9953917050691244,0.9513513513513514
172,210,200,8000,25375,88,88,2.3863636363636362,2.272727272727273,90.9090909090909,288.35227272727275,250,250,15840,33215,88,88,2.840909090909091,2.840909090909091,180.0,377.4431818181818,88,dns,0.31527093596059114,0.3152709359605911,0.476892970043655,0.476892970043655,3.171875,2.0969065656565657,1.0,1.0,0.9960159362549801,0.9478672985781991
173,96,94,4036,10949,39,39,2.4615384615384617,2.41025641025641,103.48717948717949,280.7435897435897,104,104,7116,14029,39,39,2.6666666666666665,2.6666666666666665,182.46153846153845,359.71794871794873,39,dns,0.3686181386427984,0.36861813864279847,0.5072350131869698,0.5072350131869698,2.712834489593657,1.9714727374929735,1.0,1.0,0.9904761904761905,0.9690721649484536
174,92,82,3446,9355,39,39,2.358974358974359,2.1025641025641026,88.35897435897436,239.87179487179486,132,132,7982,13891,39,39,3.3846153846153846,3.3846153846153846,204.66666666666666,356.1794871794872,39,dns,0.36835916622127207,0.36835916622127207,0.5746166582679433,0.5746166582679433,2.7147417295414975,1.7402906539714358,1.0,1.0,0.9924812030075187,0.8817204301075269
175,82,69,3112,6575,31,31,2.6451612903225805,2.225806451612903,100.38709677419355,212.09677419354838,134,134,7956,11419,31,31,4.32258064516129,4.32258064516129,256.64516129032256,368.35483870967744,31,dns,0.47330798479087455,0.47330798479087455,0.6967335143182415,0.6967335143182415,2.1127892030848328,1.4352689793866265,1.0,1.0,0.9925925925925926,0.8313253012048193
176,303,287,12454,32111,92,91,3.2934782608695654,3.119565217391304,135.3695652173913,349.0326086956522,347,341,23082,42571,92,91,3.7717391304347827,3.7065217391304346,250.8913043478261,462.7282608695652,92,dns,0.38784217246426456,0.3878421724642646,0.5422000892626436,0.5422000892626436,2.578368395696162,1.8443375790659389,0.9891304347826086,0.9891304347826086,0.9798850574712644,0.944078947368421
177,698,692,27712,84787,294,294,2.3741496598639458,2.3537414965986394,94.25850340136054,288.39115646258506,722,722,48432,105507,294,294,2.45578231292517,2.45578231292517,164.73469387755102,358.8673469387755,294,dns,0.3268425584110772,0.3268425584110771,0.45904063237510306,0.4590406323751031,3.05957707852194,2.17845639246779,1.0,1.0,0.9986168741355463,0.9899856938483548
178,154,150,6412,18673,44,44,3.5,3.409090909090909,145.72727272727272,424.3863636363636,170,170,11508,23769,44,44,3.8636363636363638,3.8636363636363638,261.54545454545456,540.2045454545455,44,dns,0.3433834948856638,0.3433834948856638,0.48416004038874166,0.4841600403887416,2.9121958827199004,2.065432742440042,1.0,1.0,0.9941520467836257,0.967741935483871
179,118,112,4808,13165,49,49,2.4081632653061225,2.2857142857142856,98.12244897959184,268.6734693877551,142,142,9288,17645,49,49,2.8979591836734695,2.8979591836734695,189.55102040816325,360.1020408163265,49,dns,0.36521078617546526,0.3652107861754652,0.5263814111646359,0.5263814111646359,2.738144758735441,1.8997631352282516,1.0,1.0,0.993006993006993,0.9411764705882353
180,286,274,11680,25255,101,101,2.8316831683168315,2.712871287128713,115.64356435643565,250.04950495049505,350,350,22776,36351,101,101,3.4653465346534653,3.4653465346534653,225.5049504950495,359.91089108910893,101,dns,0.4624826766976836,0.4624826766976836,0.6265577288107618,0.6265577288107618,2.1622431506849313,1.5960221285563752,1.0,1.0,0.9971509971509972,0.9547038327526133
181,164,137,6574,16594,56,54,2.9285714285714284,2.4464285714285716,117.39285714285714,296.32142857142856,216,202,13714,23342,56,54,3.857142857142857,3.607142857142857,244.89285714285714,416.82142857142856,56,dns,0.39616728938170426,0.39616728938170426,0.5875246337074801,0.5875246337074801,2.524186188013386,1.702056292839434,0.9642857142857143,0.9642857142857143,0.9308755760368663,0.8303030303030303
182,184,176,7452,21502,62,62,2.967741935483871,2.838709677419355,120.19354838709677,346.80645161290323,216,216,14172,28222,62,62,3.4838709677419355,3.4838709677419355,228.58064516129033,455.19354838709677,62,dns,0.3465724118686634,0.34657241186866333,0.5021614343420027,0.5021614343420028,2.8853998926462694,1.9913914761501552,1.0,1.0,0.9953917050691244,0.9513513513513514
183,160,140,6184,16543,65,63,2.4615384615384617,2.1538461538461537,95.13846153846154,254.5076923076923,192,180,12232,22255,65,63,2.953846153846154,2.769230769230769,188.1846153846154,342.38461538461536,65,dns,0.37381369763646255,0.37381369763646255,0.5496292967872388,0.5496292967872389,2.67512936610608,1.8194081098757358,0.9692307692307692,0.9692307692307692,0.9326424870466321,0.8695652173913043
184,104,72,3788,9066,43,40,2.4186046511627906,1.6744186046511629,88.09302325581395,210.8372093023256,160,142,9444,14218,43,40,3.7209302325581395,3.302325581395349,219.62790697674419,330.6511627906977,43,dns,0.41782484006176923,0.4178248400617692,0.6642284428189619,0.6642284428189619,2.393347412882788,1.5055061414654807,0.9302325581395349,0.9302325581395349,0.8819875776397516,0.6857142857142857
185,54,34,2388,5806,23,16,2.347826086956522,1.4782608695652173,103.82608695652173,252.43478260869566,54,34,3900,6758,23,16,2.347826086956522,1.4782608695652173,169.56521739130434,293.82608695652175,23,dns,0.41129865656217707,0.411298656562177,0.5770938147380882,0.5770938147380882,2.4313232830820772,1.7328205128205127,0.6956521739130435,0.6956521739130435,0.6181818181818182,0.6181818181818182
